{
  "xgboost": {
    "accuracy": 0.9403500690925841,
    "f1": 0.833974358974359,
    "precision": 0.879054054054054,
    "recall": 0.7932926829268293,
    "auroc": 0.981772326560574
  },
  "catboost": {
    "accuracy": 0.9405803777061262,
    "f1": 0.8357733927434755,
    "precision": 0.874167776298269,
    "recall": 0.800609756097561,
    "auroc": 0.9820215440229361
  },
  "random_forest": {
    "accuracy": 0.9123675725472132,
    "f1": 0.7207339449541285,
    "precision": 0.9050691244239631,
    "recall": 0.598780487804878,
    "auroc": 0.9724833710751929
  },
  "gradient_boosting": {
    "accuracy": 0.9128281897742976,
    "f1": 0.7399519065613192,
    "precision": 0.8473642800944139,
    "recall": 0.6567073170731708,
    "auroc": 0.9606831536266811
  }
}